{
  "ensemble_weight": 0.55,
  "logistic_auc_july": 0.9619536212274965,
  "simulation_auc_july": 0.9571612315890138
}