{
  "logistic_fold_1_auc":0.9577122971,
  "logistic_fold_2_auc":0.9692198834,
  "logistic_fold_3_auc":0.9770786969,
  "logistic_fold_4_auc":0.9778324835,
  "logistic_overall_auc":0.9706559082,
  "mlp_fold_1_auc":0.9635688416,
  "mlp_fold_2_auc":0.9766769684,
  "mlp_fold_3_auc":0.9801309057,
  "mlp_fold_4_auc":0.9837146031,
  "mlp_overall_auc":0.9761497787,
  "lgbm_fold_1_auc":0.9660451428,
  "lgbm_fold_2_auc":0.9805977678,
  "lgbm_fold_3_auc":0.9844515347,
  "lgbm_fold_4_auc":0.9841900419,
  "lgbm_overall_auc":0.9788260069,
  "lgbm_best_params":"{\"learning_rate\": 0.04, \"num_leaves\": 80, \"min_child_samples\": 45, \"subsample\": 0.85, \"colsample_bytree\": 0.8, \"reg_alpha\": 0.05, \"reg_lambda\": 0.4}",
  "catboost_fold_1_auc":0.9661025932,
  "catboost_fold_2_auc":0.9795679274,
  "catboost_fold_3_auc":0.9848579033,
  "catboost_fold_4_auc":0.9837766168,
  "catboost_overall_auc":0.978594049,
  "catboost_best_params":"{\"learning_rate\": 0.04, \"depth\": 7, \"l2_leaf_reg\": 6.0, \"bagging_temperature\": 0.3}",
  "xgb_fold_1_auc":0.9660936894,
  "xgb_fold_2_auc":0.9812875306,
  "xgb_fold_3_auc":0.9845410628,
  "xgb_fold_4_auc":0.9838743355,
  "xgb_overall_auc":0.9787954875,
  "ensemble_overall_auc":0.9346367905,
  "ensemble_july_auc":0.9738410527,
  "ensemble_intercept":-3.8107772307,
  "ensemble_coef_logistic":-3.6272562844,
  "ensemble_coef_mlp":2.9499531644,
  "ensemble_coef_catboost":0.9758402745,
  "ensemble_coef_lgbm":-0.2569169231,
  "ensemble_coef_xgb":2.0763506794,
  "ensemble_coef_simulation":5.0938985407,
  "logistic_auc_july":0.9778324835,
  "mlp_auc_july":0.9837146031,
  "lgbm_auc_july":0.9841900419,
  "catboost_auc_july":0.9837766168,
  "simulation_auc_july":0.9552717956,
  "final_model":"lgbm",
  "final_overall_auc":0.9788260069
}